"Submission.ID","Author","Score","Date","NofComments","Content","leave_probability","stance"
"3t2j3d","rjmlaird",1,2015-11-16 22:19:00,0,"Analysis: Why the UK might end up voting for Brexit  ",0.160804199335036,"Against-Brexit"
"3z2ked","TotalNewsTV",1,2016-01-02 00:14:00,0,"BREAKING : Nigel Farage - The EU Is Mad To Let Jihadists On EU Soil  ",0.480079959754916,"Neutral"
"40tvf9","TotalNewsTV",1,2016-01-13 21:09:00,0,"Nigel Farage & FN Marine LePen's DESTROY EU Leaders  ",0.176869499680192,"Against-Brexit"
"45g471","TotalNewsTV",1,2016-02-12 19:34:00,0,"UKIP Nigel Farage MEP Q&A At 'SAY NO' Conference In Bolton  ",0.405091950064079,"Neutral"
"46plmk","SeoKungFu",2,2016-02-20 11:30:00,0,"No Brexit by Anatole Kaletsky  ",0.37853326307158,"Neutral"
"476nsv","Jaygernaughty",3,2016-02-23 14:52:00,10,"On Brexit could we create a new Currency union between ex commonwealth countries Canada, the UK and Australia with freedom of labour.  ",0.611914449159715,"Neutral"
"47hrxi","Kerbogha",5,2016-02-25 08:18:00,0,"Vote UKIP in the MHOC General Election!  ",0.373794411049851,"Neutral"
"4820v9","Almogavar78",3,2016-02-28 14:34:00,1,"What do you think about the Brexit. I found this poll and I wanted to share it with you.  ",0.411200810105579,"Neutral"
"48hufp","HectorPerez",5,2016-03-01 19:27:00,2,"List of people who agree and disagree on Brexit  ",0.269623974707884,"Neutral"
