"Comment.ID","Author","Content","Score","Date","Submission.ID","Parent.ID","leave_probability","stance"
"d0atjlh","mateybuoy","Yes we could. I was wondering why this subreddit was so empty.. Now I know (backs away slowly). ",1,2016-02-23 18:54:00,"476nsv","476nsv",0.689236352895332,"Neutral"
"d0b0vrp","rbnc","There's already enough anoying Brits in Australia why would they want more of us?",2,2016-02-23 21:34:00,"476nsv","476nsv",0.636003689730138,"Neutral"
"d0cdh0l","Jaygernaughty","It just seems like a natural trading block....similar languages and culture. Invite a few smaller poorer commonwealth countries to make the currency more competitive(actually Canada would probably do that). Heck...we could stay in the EU and still enact a union with choice commonwealth members. The Aussies would get automatic European citizenship for putting up with us.",1,2016-02-24 21:30:00,"476nsv","d0b0vrp",0.0866345849461352,"Against-Brexit"
"d0gr0rx","zemafore","No we could not.Why would these countries look to a small economy with a minuscule manufacturing base to form an economic union? These countries should be focusing their efforts on the BRICS block going forwards.",1,2016-02-28 10:46:00,"476nsv","476nsv",0.126771011221418,"Against-Brexit"
"d0gysxn","Almogavar78","I think in the short term to leave the EU might look like a good choice. But in the long term it will mean to be out of something important and they would regret the Brexit.  EU is not at its best moment. But eventually it will improve ",2,2016-02-28 17:22:00,"4820v9","4820v9",0.0922431279010651,"Against-Brexit"
"d0hxwnl","Jaygernaughty","To increase the size of our collective manufacturing base and allow us to better compete/negotiate with the BRICS/American economies? India is commonwealth? we could add them to the union....although the freedom of labour with India is likely to be an unpopular idea in the UK....Currency union with currency tier applicants and freedom of labour within union tier applicants?",1,2016-02-29 12:36:00,"476nsv","d0gr0rx",0.0260271061461855,"Against-Brexit"
"d0juf46","uB166ERu","again why would the others even want to. Grotesk. ",1,2016-03-01 22:17:00,"476nsv","d0hxwnl",0.573485434823242,"Neutral"
"d0kj7oi","Jaygernaughty","I'm sure before the EU everyone said, why would anyone in Europe with their diverse cultures and nationalist histories ever get together.....they did it for the money and for the power...They did it for the same reason companies acquire smaller companies that complement their business.....They would want to do it so as not to be left behind....the world talks about BRICs, it talks about the American economy, it talks about the European economy, because they are big and strong....Commonwealth countries have enough similarities in history and law and government to congeal quicker, to generate efficiencies quickly. And a deal with Britain...specifically that allows freedom of labour between Canada, the UK and Australia....would essentially allow those countries citizens access to Europe for work etc....while only really requiring those countries to accept labour from the UK....They might even be willing to accept the pound on that basis....Actually now that I think about it, the UK is in a unique spot in Europe due to it's retention of the pound....we need to leverage that, become so powerful that the EU can't force us to drop the pound...In fact if we added into the Commonwealth Union a similar clause to the EU that requires us to accept Commonwealth law....we might even be able to use the conflicting treaties to take some of our legal sovereignty back without having to change the terms of the EU.",2,2016-03-02 10:25:00,"476nsv","d0juf46",0.0174487588110489,"Against-Brexit"
"d0ko270","uB166ERu","I like your optimism.",1,2016-03-02 14:45:00,"476nsv","d0kj7oi",0.595052010061219,"Neutral"
